"COD_LOJA","NOME_LOJA","PERIODO","COD_PRODUTO","NOME_PRODUTO","Qtd Ano Ant","Valor Ano Ant","Qtd Atual","Valor Atual","Variacao (%)"
C18289,SUPER MUFFATO LONDRINA FINAL 17,jan-fev 2025 e jan-fev 2026,"00225",AGUA DE COCO 1 LITRO FD/06,45.00,2916.00,35.00,2268.00,-22.22
C18289,SUPER MUFFATO LONDRINA FINAL 17,jan-fev 2025 e jan-fev 2026,"00341",AGUA DE COCO 300ML FD/12,11.00,521.40,18.00,853.20,63.64
C18289,SUPER MUFFATO LONDRINA FINAL 17,jan-fev 2025 e jan-fev 2026,"",>> SUBTOTAL DA LOJA <<,56.00,3437.40,53.00,3121.20,-9.20
C18473,SUPER MUFFATO FINAL 80,jan-fev 2025 e jan-fev 2026,"00225",AGUA DE COCO 1 LITRO FD/06,15.00,972.00,20.00,1296.00,33.33
C18473,SUPER MUFFATO FINAL 80,jan-fev 2025 e jan-fev 2026,"00341",AGUA DE COCO 300ML FD/12,3.00,142.20,-27.00,979.60,588.89
C18473,SUPER MUFFATO FINAL 80,jan-fev 2025 e jan-fev 2026,"",>> SUBTOTAL DA LOJA <<,18.00,1114.20,-7.00,2275.60,104.24
C18474,SUPER MUFFATO FINAL -35,jan-fev 2025 e jan-fev 2026,"00225",AGUA DE COCO 1 LITRO FD/06,15.00,972.00,30.00,1944.00,100.00
C18474,SUPER MUFFATO FINAL -35,jan-fev 2025 e jan-fev 2026,"00341",AGUA DE COCO 300ML FD/12,3.00,142.20,15.00,711.00,400.00
C18474,SUPER MUFFATO FINAL -35,jan-fev 2025 e jan-fev 2026,"",>> SUBTOTAL DA LOJA <<,18.00,1114.20,45.00,2655.00,138.29
C18475,SUPER MUFFATO FINAL -90,jan-fev 2025 e jan-fev 2026,"00225",AGUA DE COCO 1 LITRO FD/06,15.00,972.00,20.00,1296.00,33.33
C18475,SUPER MUFFATO FINAL -90,jan-fev 2025 e jan-fev 2026,"00341",AGUA DE COCO 300ML FD/12,3.00,142.20,25.00,1185.00,733.33
C18475,SUPER MUFFATO FINAL -90,jan-fev 2025 e jan-fev 2026,"",>> SUBTOTAL DA LOJA <<,18.00,1114.20,45.00,2481.00,122.67
C18476,SUPER MUFFATO FINAL 98,jan-fev 2025 e jan-fev 2026,"00225",AGUA DE COCO 1 LITRO FD/06,10.00,648.00,20.00,1296.00,100.00
C18476,SUPER MUFFATO FINAL 98,jan-fev 2025 e jan-fev 2026,"00341",AGUA DE COCO 300ML FD/12,3.00,142.20,25.00,1185.00,733.33
C18476,SUPER MUFFATO FINAL 98,jan-fev 2025 e jan-fev 2026,"",>> SUBTOTAL DA LOJA <<,13.00,790.20,45.00,2481.00,213.97
C18477,SUPER MUFFATO FINAL-25,jan-fev 2025 e jan-fev 2026,"00225",AGUA DE COCO 1 LITRO FD/06,15.00,972.00,20.00,1296.00,33.33
C18477,SUPER MUFFATO FINAL-25,jan-fev 2025 e jan-fev 2026,"00341",AGUA DE COCO 300ML FD/12,3.00,142.20,25.00,1185.00,733.33
C18477,SUPER MUFFATO FINAL-25,jan-fev 2025 e jan-fev 2026,"",>> SUBTOTAL DA LOJA <<,18.00,1114.20,45.00,2481.00,122.67
C18478,SUPER MUFFATO FINAL 82,jan-fev 2025 e jan-fev 2026,"00225",AGUA DE COCO 1 LITRO FD/06,15.00,972.00,15.00,972.00,0.00
C18478,SUPER MUFFATO FINAL 82,jan-fev 2025 e jan-fev 2026,"00341",AGUA DE COCO 300ML FD/12,3.00,142.20,15.00,711.00,400.00
C18478,SUPER MUFFATO FINAL 82,jan-fev 2025 e jan-fev 2026,"",>> SUBTOTAL DA LOJA <<,18.00,1114.20,30.00,1683.00,51.05
C18479,SUPER MUFFATO FINAL -27,jan-fev 2025 e jan-fev 2026,"00225",AGUA DE COCO 1 LITRO FD/06,15.00,972.00,20.00,1296.00,33.33
C18479,SUPER MUFFATO FINAL -27,jan-fev 2025 e jan-fev 2026,"00341",AGUA DE COCO 300ML FD/12,3.00,142.20,25.00,1185.00,733.33
C18479,SUPER MUFFATO FINAL -27,jan-fev 2025 e jan-fev 2026,"",>> SUBTOTAL DA LOJA <<,18.00,1114.20,45.00,2481.00,122.67
C18480,SUPER MUFFATO FINAL 40,jan-fev 2025 e jan-fev 2026,"00341",AGUA DE COCO 300ML FD/12,3.00,142.20,20.00,948.00,566.67
C18480,SUPER MUFFATO FINAL 40,jan-fev 2025 e jan-fev 2026,"00225",AGUA DE COCO 1 LITRO FD/06,15.00,972.00,10.00,648.00,-33.33
C18480,SUPER MUFFATO FINAL 40,jan-fev 2025 e jan-fev 2026,"",>> SUBTOTAL DA LOJA <<,18.00,1114.20,30.00,1596.00,43.24
C18481,SUPER MUFFATO FINAL 06,jan-fev 2025 e jan-fev 2026,"00225",AGUA DE COCO 1 LITRO FD/06,15.00,972.00,40.00,2592.00,166.67
C18481,SUPER MUFFATO FINAL 06,jan-fev 2025 e jan-fev 2026,"00341",AGUA DE COCO 300ML FD/12,5.00,237.00,14.00,663.60,180.00
C18481,SUPER MUFFATO FINAL 06,jan-fev 2025 e jan-fev 2026,"",>> SUBTOTAL DA LOJA <<,20.00,1209.00,54.00,3255.60,169.28
C18482,SUPER MUFFATO FINAL 10,jan-fev 2025 e jan-fev 2026,"00225",AGUA DE COCO 1 LITRO FD/06,15.00,972.00,25.00,1620.00,66.67
C18482,SUPER MUFFATO FINAL 10,jan-fev 2025 e jan-fev 2026,"00341",AGUA DE COCO 300ML FD/12,3.00,142.20,12.00,568.80,300.00
C18482,SUPER MUFFATO FINAL 10,jan-fev 2025 e jan-fev 2026,"",>> SUBTOTAL DA LOJA <<,18.00,1114.20,37.00,2188.80,96.45
C18483,SUPER MUFFATO FINAL 01,jan-fev 2025 e jan-fev 2026,"00225",AGUA DE COCO 1 LITRO FD/06,40.00,2592.00,30.00,1944.00,-25.00
C18483,SUPER MUFFATO FINAL 01,jan-fev 2025 e jan-fev 2026,"00341",AGUA DE COCO 300ML FD/12,10.00,474.00,12.00,568.80,20.00
C18483,SUPER MUFFATO FINAL 01,jan-fev 2025 e jan-fev 2026,"",>> SUBTOTAL DA LOJA <<,50.00,3066.00,42.00,2512.80,-18.04
C18484,SUPER MUFFATO FINAL-72,jan-fev 2025 e jan-fev 2026,"00225",AGUA DE COCO 1 LITRO FD/06,15.00,972.00,30.00,1944.00,100.00
C18484,SUPER MUFFATO FINAL-72,jan-fev 2025 e jan-fev 2026,"00341",AGUA DE COCO 300ML FD/12,5.00,237.00,12.00,568.80,140.00
C18484,SUPER MUFFATO FINAL-72,jan-fev 2025 e jan-fev 2026,"",>> SUBTOTAL DA LOJA <<,20.00,1209.00,42.00,2512.80,107.84
C18485,SUPER MUFFATO FINAL-54,jan-fev 2025 e jan-fev 2026,"00225",AGUA DE COCO 1 LITRO FD/06,10.00,648.00,35.00,2268.00,250.00
C18485,SUPER MUFFATO FINAL-54,jan-fev 2025 e jan-fev 2026,"00341",AGUA DE COCO 300ML FD/12,2.00,94.80,18.00,853.20,800.00
C18485,SUPER MUFFATO FINAL-54,jan-fev 2025 e jan-fev 2026,"",>> SUBTOTAL DA LOJA <<,12.00,742.80,53.00,3121.20,320.19
C18486,SUPER MUFFATO FINAL 64,jan-fev 2025 e jan-fev 2026,"00225",AGUA DE COCO 1 LITRO FD/06,15.00,972.00,35.00,2268.00,133.33
C18486,SUPER MUFFATO FINAL 64,jan-fev 2025 e jan-fev 2026,"00341",AGUA DE COCO 300ML FD/12,3.00,142.20,18.00,853.20,500.00
C18486,SUPER MUFFATO FINAL 64,jan-fev 2025 e jan-fev 2026,"",>> SUBTOTAL DA LOJA <<,18.00,1114.20,53.00,3121.20,180.13
C18487,SUPER MUFFATO FINAL 55,jan-fev 2025 e jan-fev 2026,"00225",AGUA DE COCO 1 LITRO FD/06,10.00,648.00,25.00,1620.00,150.00
C18487,SUPER MUFFATO FINAL 55,jan-fev 2025 e jan-fev 2026,"00341",AGUA DE COCO 300ML FD/12,3.00,142.20,12.00,568.80,300.00
C18487,SUPER MUFFATO FINAL 55,jan-fev 2025 e jan-fev 2026,"",>> SUBTOTAL DA LOJA <<,13.00,790.20,37.00,2188.80,176.99
C18488,SUPER MUFFATO FINAL-65,jan-fev 2025 e jan-fev 2026,"00225",AGUA DE COCO 1 LITRO FD/06,20.00,1296.00,40.00,2592.00,100.00
C18488,SUPER MUFFATO FINAL-65,jan-fev 2025 e jan-fev 2026,"00341",AGUA DE COCO 300ML FD/12,3.00,142.20,18.00,853.20,500.00
C18488,SUPER MUFFATO FINAL-65,jan-fev 2025 e jan-fev 2026,"",>> SUBTOTAL DA LOJA <<,23.00,1438.20,58.00,3445.20,139.55
C18489,SUPER MUFFATO FINAL 18,jan-fev 2025 e jan-fev 2026,"00225",AGUA DE COCO 1 LITRO FD/06,30.00,1944.00,45.00,2916.00,50.00
C18489,SUPER MUFFATO FINAL 18,jan-fev 2025 e jan-fev 2026,"00341",AGUA DE COCO 300ML FD/12,5.00,237.00,24.00,1137.60,380.00
C18489,SUPER MUFFATO FINAL 18,jan-fev 2025 e jan-fev 2026,"",>> SUBTOTAL DA LOJA <<,35.00,2181.00,69.00,4053.60,85.86
C18491,SUPER MUFFATO FINAL-59,jan-fev 2025 e jan-fev 2026,"00225",AGUA DE COCO 1 LITRO FD/06,20.00,1296.00,6.00,388.80,-70.00
C18491,SUPER MUFFATO FINAL-59,jan-fev 2025 e jan-fev 2026,"00341",AGUA DE COCO 300ML FD/12,8.00,379.20,2.00,94.80,-75.00
C18491,SUPER MUFFATO FINAL-59,jan-fev 2025 e jan-fev 2026,"",>> SUBTOTAL DA LOJA <<,28.00,1675.20,8.00,483.60,-71.13
C18492,SUPER MUFFATO FINAL 00,jan-fev 2025 e jan-fev 2026,"00225",AGUA DE COCO 1 LITRO FD/06,15.00,972.00,35.00,2268.00,133.33
C18492,SUPER MUFFATO FINAL 00,jan-fev 2025 e jan-fev 2026,"00341",AGUA DE COCO 300ML FD/12,5.00,237.00,0.00,0.00,-100.00
C18492,SUPER MUFFATO FINAL 00,jan-fev 2025 e jan-fev 2026,"",>> SUBTOTAL DA LOJA <<,20.00,1209.00,35.00,2268.00,87.59
C18493,SUPER MUFFATO FINAL 91,jan-fev 2025 e jan-fev 2026,"00225",AGUA DE COCO 1 LITRO FD/06,10.00,648.00,6.00,388.80,-40.00
C18493,SUPER MUFFATO FINAL 91,jan-fev 2025 e jan-fev 2026,"00341",AGUA DE COCO 300ML FD/12,3.00,142.20,4.00,189.60,33.33
C18493,SUPER MUFFATO FINAL 91,jan-fev 2025 e jan-fev 2026,"",>> SUBTOTAL DA LOJA <<,13.00,790.20,10.00,578.40,-26.80
C18494,SUPER MUFFATO FINAL-02,jan-fev 2025 e jan-fev 2026,"00225",AGUA DE COCO 1 LITRO FD/06,20.00,1296.00,0.00,0.00,-100.00
C18494,SUPER MUFFATO FINAL-02,jan-fev 2025 e jan-fev 2026,"00341",AGUA DE COCO 300ML FD/12,3.00,142.20,0.00,0.00,-100.00
C18494,SUPER MUFFATO FINAL-02,jan-fev 2025 e jan-fev 2026,"",>> SUBTOTAL DA LOJA <<,23.00,1438.20,0.00,0.00,-100.00
C18530,SUPER MUFFATO FINAL-63,jan-fev 2025 e jan-fev 2026,"00225",AGUA DE COCO 1 LITRO FD/06,3.00,194.40,0.00,0.00,-100.00
C18530,SUPER MUFFATO FINAL-63,jan-fev 2025 e jan-fev 2026,"00341",AGUA DE COCO 300ML FD/12,2.00,94.80,0.00,0.00,-100.00
C18530,SUPER MUFFATO FINAL-63,jan-fev 2025 e jan-fev 2026,"",>> SUBTOTAL DA LOJA <<,5.00,289.20,0.00,0.00,-100.00
C18536,SUPER MUFFATO FINAL 10,jan-fev 2025 e jan-fev 2026,"00225",AGUA DE COCO 1 LITRO FD/06,15.00,972.00,50.00,3240.00,233.33
C18536,SUPER MUFFATO FINAL 10,jan-fev 2025 e jan-fev 2026,"00341",AGUA DE COCO 300ML FD/12,7.00,331.80,29.00,1374.60,314.29
C18536,SUPER MUFFATO FINAL 10,jan-fev 2025 e jan-fev 2026,"",>> SUBTOTAL DA LOJA <<,22.00,1303.80,79.00,4614.60,253.93
C18550,SUPER MUFFATO FINAL 87,jan-fev 2025 e jan-fev 2026,"00225",AGUA DE COCO 1 LITRO FD/06,20.00,1296.00,82.00,6879.59,430.83
C18550,SUPER MUFFATO FINAL 87,jan-fev 2025 e jan-fev 2026,"00341",AGUA DE COCO 300ML FD/12,5.00,237.00,63.00,3594.50,1416.67
C18550,SUPER MUFFATO FINAL 87,jan-fev 2025 e jan-fev 2026,"",>> SUBTOTAL DA LOJA <<,25.00,1533.00,145.00,10474.09,583.24
C18554,SUPER MUFFATO FINAL -60 ,jan-fev 2025 e jan-fev 2026,"00225",AGUA DE COCO 1 LITRO FD/06,5.00,324.00,-9.00,1252.80,286.67
C18554,SUPER MUFFATO FINAL -60 ,jan-fev 2025 e jan-fev 2026,"00341",AGUA DE COCO 300ML FD/12,5.00,237.00,-4.00,635.96,168.34
C18554,SUPER MUFFATO FINAL -60 ,jan-fev 2025 e jan-fev 2026,"",>> SUBTOTAL DA LOJA <<,10.00,561.00,-13.00,1888.76,236.68
C18561,SUPER MUFFATO FINAL 88,jan-fev 2025 e jan-fev 2026,"00225",AGUA DE COCO 1 LITRO FD/06,5.00,324.00,40.00,2592.00,700.00
C18561,SUPER MUFFATO FINAL 88,jan-fev 2025 e jan-fev 2026,"00341",AGUA DE COCO 300ML FD/12,5.00,237.00,25.00,1185.00,400.00
C18561,SUPER MUFFATO FINAL 88,jan-fev 2025 e jan-fev 2026,"",>> SUBTOTAL DA LOJA <<,10.00,561.00,65.00,3777.00,573.26
C18562,SUPER MUFFATO FINAL 49,jan-fev 2025 e jan-fev 2026,"00225",AGUA DE COCO 1 LITRO FD/06,5.00,324.00,9.00,583.20,80.00
C18562,SUPER MUFFATO FINAL 49,jan-fev 2025 e jan-fev 2026,"00341",AGUA DE COCO 300ML FD/12,5.00,237.00,7.00,331.80,40.00
C18562,SUPER MUFFATO FINAL 49,jan-fev 2025 e jan-fev 2026,"",>> SUBTOTAL DA LOJA <<,10.00,561.00,16.00,915.00,63.10
C18563,SUPER MUFFATO FINAL 74,jan-fev 2025 e jan-fev 2026,"00225",AGUA DE COCO 1 LITRO FD/06,5.00,324.00,21.00,1360.80,320.00
C18563,SUPER MUFFATO FINAL 74,jan-fev 2025 e jan-fev 2026,"00341",AGUA DE COCO 300ML FD/12,5.00,237.00,11.00,521.40,120.00
C18563,SUPER MUFFATO FINAL 74,jan-fev 2025 e jan-fev 2026,"",>> SUBTOTAL DA LOJA <<,10.00,561.00,32.00,1882.20,235.51
C18564,SUPER MUFFATO FINAL 83,jan-fev 2025 e jan-fev 2026,"00225",AGUA DE COCO 1 LITRO FD/06,5.00,324.00,27.00,1749.60,440.00
C18564,SUPER MUFFATO FINAL 83,jan-fev 2025 e jan-fev 2026,"00341",AGUA DE COCO 300ML FD/12,5.00,237.00,15.00,711.00,200.00
C18564,SUPER MUFFATO FINAL 83,jan-fev 2025 e jan-fev 2026,"",>> SUBTOTAL DA LOJA <<,10.00,561.00,42.00,2460.60,338.61
C18568,SUPER MUFFATO FINAL 21,jan-fev 2025 e jan-fev 2026,"00225",AGUA DE COCO 1 LITRO FD/06,15.00,972.00,20.00,1296.00,33.33
C18568,SUPER MUFFATO FINAL 21,jan-fev 2025 e jan-fev 2026,"00341",AGUA DE COCO 300ML FD/12,3.00,142.20,25.00,1185.00,733.33
C18568,SUPER MUFFATO FINAL 21,jan-fev 2025 e jan-fev 2026,"",>> SUBTOTAL DA LOJA <<,18.00,1114.20,45.00,2481.00,122.67
C18569,SUPER MUFFATO FINAL 87,jan-fev 2025 e jan-fev 2026,"00225",AGUA DE COCO 1 LITRO FD/06,30.00,1944.00,35.00,2268.00,16.67
C18569,SUPER MUFFATO FINAL 87,jan-fev 2025 e jan-fev 2026,"00341",AGUA DE COCO 300ML FD/12,5.00,237.00,18.00,853.20,260.00
C18569,SUPER MUFFATO FINAL 87,jan-fev 2025 e jan-fev 2026,"",>> SUBTOTAL DA LOJA <<,35.00,2181.00,53.00,3121.20,43.11
C18570,SUPER MUFFATO FINAL 36,jan-fev 2025 e jan-fev 2026,"00225",AGUA DE COCO 1 LITRO FD/06,15.00,972.00,5.00,324.00,-66.67
C18570,SUPER MUFFATO FINAL 36,jan-fev 2025 e jan-fev 2026,"00341",AGUA DE COCO 300ML FD/12,3.00,142.20,0.00,0.00,-100.00
C18570,SUPER MUFFATO FINAL 36,jan-fev 2025 e jan-fev 2026,"",>> SUBTOTAL DA LOJA <<,18.00,1114.20,5.00,324.00,-70.92
C18571,SUPER MUFFATO FINAL 16,jan-fev 2025 e jan-fev 2026,"00225",AGUA DE COCO 1 LITRO FD/06,20.00,1296.00,25.00,1620.00,25.00
C18571,SUPER MUFFATO FINAL 16,jan-fev 2025 e jan-fev 2026,"00341",AGUA DE COCO 300ML FD/12,2.00,94.80,12.00,568.80,500.00
C18571,SUPER MUFFATO FINAL 16,jan-fev 2025 e jan-fev 2026,"",>> SUBTOTAL DA LOJA <<,22.00,1390.80,37.00,2188.80,57.38
C18572,SUPER MUFFATO FINAL 14,jan-fev 2025 e jan-fev 2026,"00225",AGUA DE COCO 1 LITRO FD/06,30.00,1944.00,25.00,1620.00,-16.67
C18572,SUPER MUFFATO FINAL 14,jan-fev 2025 e jan-fev 2026,"00341",AGUA DE COCO 300ML FD/12,5.00,237.00,12.00,568.80,140.00
C18572,SUPER MUFFATO FINAL 14,jan-fev 2025 e jan-fev 2026,"",>> SUBTOTAL DA LOJA <<,35.00,2181.00,37.00,2188.80,0.36
C18573,SUPER MUFFATO FINAL 56,jan-fev 2025 e jan-fev 2026,"00225",AGUA DE COCO 1 LITRO FD/06,20.00,1296.00,5.00,324.00,-75.00
C18573,SUPER MUFFATO FINAL 56,jan-fev 2025 e jan-fev 2026,"00341",AGUA DE COCO 300ML FD/12,5.00,237.00,0.00,0.00,-100.00
C18573,SUPER MUFFATO FINAL 56,jan-fev 2025 e jan-fev 2026,"",>> SUBTOTAL DA LOJA <<,25.00,1533.00,5.00,324.00,-78.86
C18574,SUPER MUFFATO  FINAL 37,jan-fev 2025 e jan-fev 2026,"00225",AGUA DE COCO 1 LITRO FD/06,10.00,648.00,25.00,1620.00,150.00
C18574,SUPER MUFFATO  FINAL 37,jan-fev 2025 e jan-fev 2026,"00341",AGUA DE COCO 300ML FD/12,5.00,237.00,12.00,568.80,140.00
C18574,SUPER MUFFATO  FINAL 37,jan-fev 2025 e jan-fev 2026,"",>> SUBTOTAL DA LOJA <<,15.00,885.00,37.00,2188.80,147.32
C18588,SUPER MUFFATO FINAL JK 74,jan-fev 2025 e jan-fev 2026,"00225",AGUA DE COCO 1 LITRO FD/06,5.00,324.00,26.00,1684.80,420.00
C18588,SUPER MUFFATO FINAL JK 74,jan-fev 2025 e jan-fev 2026,"00341",AGUA DE COCO 300ML FD/12,3.00,142.20,19.00,900.60,533.33
C18588,SUPER MUFFATO FINAL JK 74,jan-fev 2025 e jan-fev 2026,"",>> SUBTOTAL DA LOJA <<,8.00,466.20,45.00,2585.40,454.57
C18594,SUPER MUFFATO FINAL 59 CENTRO,jan-fev 2025 e jan-fev 2026,"00225",AGUA DE COCO 1 LITRO FD/06,10.00,648.00,6.00,388.80,-40.00
C18594,SUPER MUFFATO FINAL 59 CENTRO,jan-fev 2025 e jan-fev 2026,"00341",AGUA DE COCO 300ML FD/12,5.00,237.00,3.00,142.20,-40.00
C18594,SUPER MUFFATO FINAL 59 CENTRO,jan-fev 2025 e jan-fev 2026,"",>> SUBTOTAL DA LOJA <<,15.00,885.00,9.00,531.00,-40.00
C18595,SUPER MUFFATO FINAL 67,jan-fev 2025 e jan-fev 2026,"00225",AGUA DE COCO 1 LITRO FD/06,10.00,648.00,0.00,0.00,-100.00
C18595,SUPER MUFFATO FINAL 67,jan-fev 2025 e jan-fev 2026,"00341",AGUA DE COCO 300ML FD/12,5.00,237.00,0.00,0.00,-100.00
C18595,SUPER MUFFATO FINAL 67,jan-fev 2025 e jan-fev 2026,"",>> SUBTOTAL DA LOJA <<,15.00,885.00,0.00,0.00,-100.00
C18596,SUPER MUFFATO FINAL 20,jan-fev 2025 e jan-fev 2026,"00341",AGUA DE COCO 300ML FD/12,5.00,237.00,14.00,663.60,180.00
C18596,SUPER MUFFATO FINAL 20,jan-fev 2025 e jan-fev 2026,"00225",AGUA DE COCO 1 LITRO FD/06,10.00,648.00,8.00,518.40,-20.00
C18596,SUPER MUFFATO FINAL 20,jan-fev 2025 e jan-fev 2026,"",>> SUBTOTAL DA LOJA <<,15.00,885.00,22.00,1182.00,33.56
C18597,SUPER MUFFATO FINAL 00 COQUEIRAL,jan-fev 2025 e jan-fev 2026,"00225",AGUA DE COCO 1 LITRO FD/06,10.00,648.00,2.00,129.60,-80.00
C18597,SUPER MUFFATO FINAL 00 COQUEIRAL,jan-fev 2025 e jan-fev 2026,"00341",AGUA DE COCO 300ML FD/12,5.00,237.00,1.00,47.40,-80.00
C18597,SUPER MUFFATO FINAL 00 COQUEIRAL,jan-fev 2025 e jan-fev 2026,"",>> SUBTOTAL DA LOJA <<,15.00,885.00,3.00,177.00,-80.00
C18598,SUPER MUFFATO FINAL 70 SANTO ONOFRE,jan-fev 2025 e jan-fev 2026,"00225",AGUA DE COCO 1 LITRO FD/06,2.00,129.60,4.00,259.20,100.00
C18598,SUPER MUFFATO FINAL 70 SANTO ONOFRE,jan-fev 2025 e jan-fev 2026,"00341",AGUA DE COCO 300ML FD/12,2.00,94.80,2.00,94.80,0.00
C18598,SUPER MUFFATO FINAL 70 SANTO ONOFRE,jan-fev 2025 e jan-fev 2026,"",>> SUBTOTAL DA LOJA <<,4.00,224.40,6.00,354.00,57.75
C18599,SUPER MUFFATO FINAL 26 ,jan-fev 2025 e jan-fev 2026,"00225",AGUA DE COCO 1 LITRO FD/06,4.00,259.20,2.00,129.60,-50.00
C18599,SUPER MUFFATO FINAL 26 ,jan-fev 2025 e jan-fev 2026,"00341",AGUA DE COCO 300ML FD/12,4.00,189.60,2.00,94.80,-50.00
C18599,SUPER MUFFATO FINAL 26 ,jan-fev 2025 e jan-fev 2026,"",>> SUBTOTAL DA LOJA <<,8.00,448.80,4.00,224.40,-50.00
C18600,SUPER MUFFATO FINAL 30,jan-fev 2025 e jan-fev 2026,"00341",AGUA DE COCO 300ML FD/12,1.00,47.40,3.00,142.20,200.00
C18600,SUPER MUFFATO FINAL 30,jan-fev 2025 e jan-fev 2026,"00225",AGUA DE COCO 1 LITRO FD/06,2.00,129.60,-4.00,118.79,-8.34
C18600,SUPER MUFFATO FINAL 30,jan-fev 2025 e jan-fev 2026,"",>> SUBTOTAL DA LOJA <<,3.00,177.00,-1.00,260.99,47.45
C18601,SUPER MUFFATO FINAL 17,jan-fev 2025 e jan-fev 2026,"00225",AGUA DE COCO 1 LITRO FD/06,4.00,259.20,0.00,0.00,-100.00
C18601,SUPER MUFFATO FINAL 17,jan-fev 2025 e jan-fev 2026,"00341",AGUA DE COCO 300ML FD/12,4.00,189.60,0.00,0.00,-100.00
C18601,SUPER MUFFATO FINAL 17,jan-fev 2025 e jan-fev 2026,"",>> SUBTOTAL DA LOJA <<,8.00,448.80,0.00,0.00,-100.00
C18602,SUPER MUFFATO FINAL 15 TOCANTINS,jan-fev 2025 e jan-fev 2026,"00225",AGUA DE COCO 1 LITRO FD/06,6.00,388.80,4.00,259.20,-33.33
C18602,SUPER MUFFATO FINAL 15 TOCANTINS,jan-fev 2025 e jan-fev 2026,"00341",AGUA DE COCO 300ML FD/12,5.00,237.00,2.00,94.80,-60.00
C18602,SUPER MUFFATO FINAL 15 TOCANTINS,jan-fev 2025 e jan-fev 2026,"",>> SUBTOTAL DA LOJA <<,11.00,625.80,6.00,354.00,-43.43
C18603,SUPER MUFFATO FINAL 05,jan-fev 2025 e jan-fev 2026,"00225",AGUA DE COCO 1 LITRO FD/06,6.00,388.80,0.00,0.00,-100.00
C18603,SUPER MUFFATO FINAL 05,jan-fev 2025 e jan-fev 2026,"00341",AGUA DE COCO 300ML FD/12,5.00,237.00,0.00,0.00,-100.00
C18603,SUPER MUFFATO FINAL 05,jan-fev 2025 e jan-fev 2026,"",>> SUBTOTAL DA LOJA <<,11.00,625.80,0.00,0.00,-100.00
C19200,SUPER MUFFATO FINAL 83,jan-fev 2025 e jan-fev 2026,"00225",AGUA DE COCO 1 LITRO FD/06,0.00,0.00,75.00,4860.00,100.00
C19200,SUPER MUFFATO FINAL 83,jan-fev 2025 e jan-fev 2026,"",>> SUBTOTAL DA LOJA <<,0.00,0.00,75.00,4860.00,100.00
C19202,SUPER MUFFATO FINAL - 50,jan-fev 2025 e jan-fev 2026,"00225",AGUA DE COCO 1 LITRO FD/06,0.00,0.00,32.00,2073.60,100.00
C19202,SUPER MUFFATO FINAL - 50,jan-fev 2025 e jan-fev 2026,"",>> SUBTOTAL DA LOJA <<,0.00,0.00,32.00,2073.60,100.00
C19410,SUPER MUFFATO FINAL 12,jan-fev 2025 e jan-fev 2026,"00225",AGUA DE COCO 1 LITRO FD/06,0.00,0.00,14.00,907.20,100.00
C19410,SUPER MUFFATO FINAL 12,jan-fev 2025 e jan-fev 2026,"00341",AGUA DE COCO 300ML FD/12,0.00,0.00,13.00,616.20,100.00
C19410,SUPER MUFFATO FINAL 12,jan-fev 2025 e jan-fev 2026,"",>> SUBTOTAL DA LOJA <<,0.00,0.00,27.00,1523.40,100.00
C20267,SUPER MUFFATO FINAL - 99,jan-fev 2025 e jan-fev 2026,"00341",AGUA DE COCO 300ML FD/12,0.00,0.00,6.00,284.40,100.00
C20267,SUPER MUFFATO FINAL - 99,jan-fev 2025 e jan-fev 2026,"00225",AGUA DE COCO 1 LITRO FD/06,0.00,0.00,4.00,259.20,100.00
C20267,SUPER MUFFATO FINAL - 99,jan-fev 2025 e jan-fev 2026,"",>> SUBTOTAL DA LOJA <<,0.00,0.00,10.00,543.60,100.00
C20407,SUPER MUFFATO FILIAL 1069 - VAREJO - TRAD,jan-fev 2025 e jan-fev 2026,"00225",AGUA DE COCO 1 LITRO FD/06,0.00,0.00,39.00,2925.00,100.00
C20407,SUPER MUFFATO FILIAL 1069 - VAREJO - TRAD,jan-fev 2025 e jan-fev 2026,"00341",AGUA DE COCO 300ML FD/12,0.00,0.00,17.00,924.12,100.00
C20407,SUPER MUFFATO FILIAL 1069 - VAREJO - TRAD,jan-fev 2025 e jan-fev 2026,"",>> SUBTOTAL DA LOJA <<,0.00,0.00,56.00,3849.12,100.00
C20409,SUPER MUFFATO FILIAL 1080 - VAREJO - TRAD,jan-fev 2025 e jan-fev 2026,"00225",AGUA DE COCO 1 LITRO FD/06,0.00,0.00,24.00,1800.00,100.00
C20409,SUPER MUFFATO FILIAL 1080 - VAREJO - TRAD,jan-fev 2025 e jan-fev 2026,"00341",AGUA DE COCO 300ML FD/12,0.00,0.00,22.00,1195.92,100.00
C20409,SUPER MUFFATO FILIAL 1080 - VAREJO - TRAD,jan-fev 2025 e jan-fev 2026,"",>> SUBTOTAL DA LOJA <<,0.00,0.00,46.00,2995.92,100.00
C20410,SUPER MUFFATO FILIAL 1071 - VAREJO ,jan-fev 2025 e jan-fev 2026,"00225",AGUA DE COCO 1 LITRO FD/06,0.00,0.00,44.00,3300.00,100.00
C20410,SUPER MUFFATO FILIAL 1071 - VAREJO ,jan-fev 2025 e jan-fev 2026,"00341",AGUA DE COCO 300ML FD/12,0.00,0.00,23.00,1250.28,100.00
C20410,SUPER MUFFATO FILIAL 1071 - VAREJO ,jan-fev 2025 e jan-fev 2026,"",>> SUBTOTAL DA LOJA <<,0.00,0.00,67.00,4550.28,100.00
C20412,SUPER MUFFATO FILIAL 1073 - CASH,jan-fev 2025 e jan-fev 2026,"00225",AGUA DE COCO 1 LITRO FD/06,0.00,0.00,13.00,975.00,100.00
C20412,SUPER MUFFATO FILIAL 1073 - CASH,jan-fev 2025 e jan-fev 2026,"00341",AGUA DE COCO 300ML FD/12,0.00,0.00,6.00,326.16,100.00
C20412,SUPER MUFFATO FILIAL 1073 - CASH,jan-fev 2025 e jan-fev 2026,"",>> SUBTOTAL DA LOJA <<,0.00,0.00,19.00,1301.16,100.00
C20413,SUPER MUFFATO FILIAL 1084 - CASH,jan-fev 2025 e jan-fev 2026,"00225",AGUA DE COCO 1 LITRO FD/06,0.00,0.00,10.00,750.00,100.00
C20413,SUPER MUFFATO FILIAL 1084 - CASH,jan-fev 2025 e jan-fev 2026,"00341",AGUA DE COCO 300ML FD/12,0.00,0.00,5.00,271.80,100.00
C20413,SUPER MUFFATO FILIAL 1084 - CASH,jan-fev 2025 e jan-fev 2026,"",>> SUBTOTAL DA LOJA <<,0.00,0.00,15.00,1021.80,100.00
C20414,SUPER MUFFATO FILIAL 1097 - CASH ,jan-fev 2025 e jan-fev 2026,"00225",AGUA DE COCO 1 LITRO FD/06,0.00,0.00,12.00,900.00,100.00
C20414,SUPER MUFFATO FILIAL 1097 - CASH ,jan-fev 2025 e jan-fev 2026,"00341",AGUA DE COCO 300ML FD/12,0.00,0.00,4.00,217.44,100.00
C20414,SUPER MUFFATO FILIAL 1097 - CASH ,jan-fev 2025 e jan-fev 2026,"",>> SUBTOTAL DA LOJA <<,0.00,0.00,16.00,1117.44,100.00
C20415,SUPER MUFFATO FILIAL 1100 - VAREJO,jan-fev 2025 e jan-fev 2026,"00225",AGUA DE COCO 1 LITRO FD/06,0.00,0.00,24.00,1800.00,100.00
C20415,SUPER MUFFATO FILIAL 1100 - VAREJO,jan-fev 2025 e jan-fev 2026,"00341",AGUA DE COCO 300ML FD/12,0.00,0.00,9.00,489.24,100.00
C20415,SUPER MUFFATO FILIAL 1100 - VAREJO,jan-fev 2025 e jan-fev 2026,"",>> SUBTOTAL DA LOJA <<,0.00,0.00,33.00,2289.24,100.00
C20416,SUPER MUFFATO FILIAL 1099 - VAREJO,jan-fev 2025 e jan-fev 2026,"00225",AGUA DE COCO 1 LITRO FD/06,0.00,0.00,37.00,2775.00,100.00
C20416,SUPER MUFFATO FILIAL 1099 - VAREJO,jan-fev 2025 e jan-fev 2026,"00341",AGUA DE COCO 300ML FD/12,0.00,0.00,12.00,652.32,100.00
C20416,SUPER MUFFATO FILIAL 1099 - VAREJO,jan-fev 2025 e jan-fev 2026,"",>> SUBTOTAL DA LOJA <<,0.00,0.00,49.00,3427.32,100.00
C20417,SUPER MUFFATO FILIAL 1098 - VAREJO,jan-fev 2025 e jan-fev 2026,"00225",AGUA DE COCO 1 LITRO FD/06,0.00,0.00,30.00,2250.00,100.00
C20417,SUPER MUFFATO FILIAL 1098 - VAREJO,jan-fev 2025 e jan-fev 2026,"00341",AGUA DE COCO 300ML FD/12,0.00,0.00,12.00,652.32,100.00
C20417,SUPER MUFFATO FILIAL 1098 - VAREJO,jan-fev 2025 e jan-fev 2026,"",>> SUBTOTAL DA LOJA <<,0.00,0.00,42.00,2902.32,100.00
C20418,SUPER MUFFATO FILIAL 1107 - CASH,jan-fev 2025 e jan-fev 2026,"00225",AGUA DE COCO 1 LITRO FD/06,0.00,0.00,8.00,600.00,100.00
C20418,SUPER MUFFATO FILIAL 1107 - CASH,jan-fev 2025 e jan-fev 2026,"00341",AGUA DE COCO 300ML FD/12,0.00,0.00,8.00,434.88,100.00
C20418,SUPER MUFFATO FILIAL 1107 - CASH,jan-fev 2025 e jan-fev 2026,"",>> SUBTOTAL DA LOJA <<,0.00,0.00,16.00,1034.88,100.00
C20420,SUPER MUFFATO FILIAL 1108 - VAREJO ,jan-fev 2025 e jan-fev 2026,"00225",AGUA DE COCO 1 LITRO FD/06,0.00,0.00,19.00,1425.00,100.00
C20420,SUPER MUFFATO FILIAL 1108 - VAREJO ,jan-fev 2025 e jan-fev 2026,"00341",AGUA DE COCO 300ML FD/12,0.00,0.00,11.00,597.96,100.00
C20420,SUPER MUFFATO FILIAL 1108 - VAREJO ,jan-fev 2025 e jan-fev 2026,"",>> SUBTOTAL DA LOJA <<,0.00,0.00,30.00,2022.96,100.00
C20421,SUPER MUFFATO FILIAL 1151 - CASH - OLIMPIA,jan-fev 2025 e jan-fev 2026,"00225",AGUA DE COCO 1 LITRO FD/06,0.00,0.00,20.00,1500.00,100.00
C20421,SUPER MUFFATO FILIAL 1151 - CASH - OLIMPIA,jan-fev 2025 e jan-fev 2026,"00341",AGUA DE COCO 300ML FD/12,0.00,0.00,10.00,543.60,100.00
C20421,SUPER MUFFATO FILIAL 1151 - CASH - OLIMPIA,jan-fev 2025 e jan-fev 2026,"",>> SUBTOTAL DA LOJA <<,0.00,0.00,30.00,2043.60,100.00
C20422,SUPER MUFFATO FILIAL 1154 - CASH ,jan-fev 2025 e jan-fev 2026,"00225",AGUA DE COCO 1 LITRO FD/06,0.00,0.00,11.00,825.00,100.00
C20422,SUPER MUFFATO FILIAL 1154 - CASH ,jan-fev 2025 e jan-fev 2026,"00341",AGUA DE COCO 300ML FD/12,0.00,0.00,7.00,380.52,100.00
C20422,SUPER MUFFATO FILIAL 1154 - CASH ,jan-fev 2025 e jan-fev 2026,"",>> SUBTOTAL DA LOJA <<,0.00,0.00,18.00,1205.52,100.00
C20423,SUPER MUFFATO FILIAL - 1130 CASH ,jan-fev 2025 e jan-fev 2026,"00225",AGUA DE COCO 1 LITRO FD/06,0.00,0.00,30.00,2250.00,100.00
C20423,SUPER MUFFATO FILIAL - 1130 CASH ,jan-fev 2025 e jan-fev 2026,"00341",AGUA DE COCO 300ML FD/12,0.00,0.00,12.00,652.32,100.00
C20423,SUPER MUFFATO FILIAL - 1130 CASH ,jan-fev 2025 e jan-fev 2026,"",>> SUBTOTAL DA LOJA <<,0.00,0.00,42.00,2902.32,100.00
ZZZ,---->> RESUMO GERAL DA REDE (POR PRODUTO),jan-fev 2025 e jan-fev 2026,"00225",AGUA DE COCO 1 LITRO FD/06,667.00,43221.60,1396.00,97514.98,125.62
ZZZ,---->> RESUMO GERAL DA REDE (POR PRODUTO),jan-fev 2025 e jan-fev 2026,"00341",AGUA DE COCO 300ML FD/12,204.00,9669.60,735.00,39631.94,309.86
ZZZZ,========>> TOTAL GERAL ABSOLUTO <<========,jan-fev 2025 e jan-fev 2026,"","",871.00,52891.20,2131.00,137146.92,159.30
